idx0,idx1,res_name,res_num,site,isBB,isPHOB
218,219,THR,25,S1p,False,False
219,220,THR,25,S1p,False,False
220,221,THR,25,S1p,False,True
223,224,THR,25,S1p,False,False
224,225,THR,25,S1p,False,False
225,226,THR,26,S1p,True,False
226,227,THR,26,S1p,True,False
230,231,THR,26,S1p,True,False
231,232,THR,26,S1p,True,False
375,376,HSD,41,S2,False,True
376,377,HSD,41,S2,False,False
377,378,HSD,41,S2,False,False
378,379,HSD,41,S2,False,False
379,380,HSD,41,S2,False,False
380,381,HSD,41,S2,False,False
383,384,HSD,41,S2,False,False
384,385,HSD,41,S2,False,False
387,388,VAL,42,S1p,False,True
388,389,VAL,42,S1p,False,True
389,390,VAL,42,S1p,False,True
392,393,VAL,42,S1p,False,False
448,449,MET,49,S2,False,True
449,450,MET,49,S2,False,True
450,451,MET,49,S2,False,True
451,452,MET,49,S2,False,True
454,455,MET,49,S2,False,True
495,496,TYR,54,S2,False,True
496,497,TYR,54,S2,False,True
497,498,TYR,54,S2,False,True
498,499,TYR,54,S2,False,True
499,500,TYR,54,S2,False,False
500,501,TYR,54,S2,False,False
501,502,TYR,54,S2,False,True
502,503,TYR,54,S2,False,True
505,506,TYR,54,S2,False,False
506,507,TYR,54,S2,False,False
1145,1146,ASN,119,S1p,False,True
1146,1147,ASN,119,S1p,False,False
1147,1148,ASN,119,S1p,False,False
1148,1149,ASN,119,S1p,False,False
1151,1152,ASN,119,S1p,False,False
1152,1153,ASN,119,S1p,False,False
1153,1154,ASN,119,S1p,False,False
1337,1338,PHE,140,S1,False,True
1338,1339,PHE,140,S1,False,True
1339,1340,PHE,140,S1,False,True
1340,1341,PHE,140,S1,False,True
1341,1342,PHE,140,S1,False,True
1342,1343,PHE,140,S1,False,True
1343,1344,PHE,140,S1,False,True
1346,1347,PHE,140,S1,False,False
1347,1348,LEU,141,S1,True,False
1348,1349,LEU,141,S1,True,False
1353,1354,LEU,141,S1,True,False
1354,1355,LEU,141,S1,True,False
1358,1359,ASN,142,S1,False,True
1359,1360,ASN,142,S1,False,False
1360,1361,ASN,142,S1,False,False
1361,1362,ASN,142,S1,False,False
1364,1365,ASN,142,S1,False,False
1365,1366,ASN,142,S1,False,False
1366,1367,ASN,142,S1,False,False
1367,1368,GLY,143,S1,True,False
1368,1369,GLY,143,S1,True,False
1369,1370,GLY,143,S1,True,False
1370,1371,GLY,143,S1,True,False
1371,1372,GLY,143,S1p,False,False
1374,1375,SER,144,S1,False,False
1375,1376,SER,144,S1,False,False
1378,1379,SER,144,S1,False,False
1379,1380,SER,144,S1,False,False
1382,1383,CYS,145,S1,False,False
1383,1384,CYS,145,S1,False,False
1386,1387,CYS,145,S1,False,False
1387,1388,CYS,145,S1,False,False
1547,1548,HSE,163,S1,False,True
1548,1549,HSE,163,S1,False,False
1549,1550,HSE,163,S1,False,False
1550,1551,HSE,163,S1,False,False
1551,1552,HSE,163,S1,False,False
1552,1553,HSE,163,S1,False,False
1555,1556,HSE,163,S1,False,False
1556,1557,HSE,163,S1,False,False
1557,1558,HSE,164,S1,True,False
1558,1559,HSE,164,S1,True,False
1559,1560,HSE,164,S2,False,True
1560,1561,HSE,164,S2,False,False
1561,1562,HSE,164,S2,False,False
1562,1563,HSE,164,S2,False,False
1563,1564,HSE,164,S2,False,False
1564,1565,HSE,164,S2,False,False
1565,1566,HSE,164,S1,True,False
1566,1567,HSE,164,S1,True,False
1567,1568,HSE,164,S2,False,False
1568,1569,HSE,164,S2,False,False
1569,1570,MET,165,S1,True,False
1570,1571,MET,165,S1,True,False
1571,1572,MET,165,S3,False,True
1572,1573,MET,165,S3,False,True
1573,1574,MET,165,S3,False,True
1574,1575,MET,165,S3,False,True
1575,1576,MET,165,S1,True,False
1576,1577,MET,165,S1,True,False
1577,1578,MET,165,S3,False,True
1578,1579,GLU,166,S3,True,False
1579,1580,GLU,166,S3,True,False
1580,1581,GLU,166,S1,False,True
1581,1582,GLU,166,S1,False,True
1582,1583,GLU,166,S1,False,False
1583,1584,GLU,166,S1,False,False
1584,1585,GLU,166,S1,False,False
1585,1586,GLU,166,S3,True,False
1586,1587,GLU,166,S3,True,False
1587,1588,GLU,166,S1,False,False
1590,1591,LEU,167,S3,False,True
1591,1592,LEU,167,S3,False,True
1592,1593,LEU,167,S3,False,True
1593,1594,LEU,167,S3,False,True
1596,1597,LEU,167,S3,False,False
1598,1599,PRO,168,S4-S5,False,False
1600,1601,PRO,168,S4-S5,False,True
1601,1602,PRO,168,S4-S5,False,True
1628,1629,HSE,172,S1,False,True
1629,1630,HSE,172,S1,False,False
1630,1631,HSE,172,S1,False,False
1631,1632,HSE,172,S1,False,False
1632,1633,HSE,172,S1,False,False
1633,1634,HSE,172,S1,False,False
1636,1637,HSE,172,S1,False,False
1637,1638,HSE,172,S1,False,False
1742,1743,PHE,185,S4-S5,False,True
1743,1744,PHE,185,S4-S5,False,True
1744,1745,PHE,185,S4-S5,False,True
1745,1746,PHE,185,S4-S5,False,True
1746,1747,PHE,185,S4-S5,False,True
1747,1748,PHE,185,S4-S5,False,True
1748,1749,PHE,185,S4-S5,False,True
1751,1752,PHE,185,S4-S5,False,False
1762,1763,ASP,187,S2,False,True
1763,1764,ASP,187,S2,False,False
1764,1765,ASP,187,S2,False,False
1765,1766,ASP,187,S2,False,False
1768,1769,ASP,187,S2,False,False
1769,1770,ARG,188,S4-S5,True,False
1770,1771,ARG,188,S4-S5,True,False
1771,1772,ARG,188,S2,False,True
1772,1773,ARG,188,S2,False,True
1773,1774,ARG,188,S2,False,False
1774,1775,ARG,188,S2,False,False
1775,1776,ARG,188,S2,False,False
1776,1777,ARG,188,S2,False,False
1777,1778,ARG,188,S2,False,False
1778,1779,ARG,188,S4-S5,True,False
1779,1780,ARG,188,S4-S5,True,False
1780,1781,ARG,188,S2,False,False
1781,1782,ARG,188,S2,False,False
1782,1783,ARG,188,S2,False,False
1783,1784,ARG,188,S2,False,False
1784,1785,ARG,188,S2,False,False
1785,1786,ARG,188,S2,False,False
1786,1787,GLN,189,S4-S5,True,False
1787,1788,GLN,189,S4-S5,True,False
1788,1789,GLN,189,S3,False,True
1789,1790,GLN,189,S3,False,True
1790,1791,GLN,189,S3,False,False
1791,1792,GLN,189,S3,False,False
1792,1793,GLN,189,S3,False,False
1793,1794,GLN,189,S4-S5,True,False
1794,1795,GLN,189,S4-S5,True,False
1795,1796,GLN,189,S3,False,False
1796,1797,GLN,189,S3,False,False
1797,1798,GLN,189,S3,False,False
1798,1799,THR,190,S4-S5,True,False
1799,1800,THR,190,S4-S5,True,False
1800,1801,THR,190,S3,False,False
1801,1802,THR,190,S3,False,False
1802,1803,THR,190,S3,False,True
1803,1804,THR,190,S4-S5,True,False
1804,1805,THR,190,S4-S5,True,False
1805,1806,THR,190,S3,False,False
1806,1807,THR,190,S3,False,False
1809,1810,ALA,191,S4-S5,False,True
1812,1813,ALA,191,S4-S5,False,False
1815,1816,GLN,192,S3,False,True
1816,1817,GLN,192,S3,False,True
1817,1818,GLN,192,S3,False,False
1818,1819,GLN,192,S3,False,False
1819,1820,GLN,192,S3,False,False
1822,1823,GLN,192,S3,False,False
1823,1824,GLN,192,S3,False,False
1824,1825,GLN,192,S3,False,False
2896,2897,SER,307,S1,False,False
2897,2898,SER,307,S1,False,False
2900,2901,SER,307,S1,False,False
2901,2902,SER,307,S1,False,False
2902,2903,SER,307,S1,False,False
2903,2904,SER,307,S1,False,False
