idx0,idx1,res_name,res_num,site,isBB,pol,isPHOB
216,217,THR,25,S1p,True,pol,False
217,218,THR,25,S1p,True,pol,False
218,219,THR,25,S1p,False,pol,False
219,220,THR,25,S1p,False,pol,False
220,221,THR,25,S1p,False,pol,True
221,222,THR,25,S1p,True,pol,False
222,223,THR,25,S1p,True,pol,False
223,224,THR,25,S1p,False,pol,False
224,225,THR,25,S1p,False,pol,False
225,226,THR,26,S1p,True,pol,False
226,227,THR,26,S1p,True,pol,False
227,228,THR,26,S1p,False,pol,False
228,229,THR,26,S1p,False,pol,False
229,230,THR,26,S1p,False,pol,True
230,231,THR,26,S1p,True,pol,False
231,232,THR,26,S1p,True,pol,False
232,233,THR,26,S1p,False,pol,False
233,234,THR,26,S1p,False,pol,False
234,235,LEU,27,S1p,True,pol,False
235,236,LEU,27,S1p,True,pol,False
236,237,LEU,27,S1p,False,nonpol,True
237,238,LEU,27,S1p,False,nonpol,True
238,239,LEU,27,S1p,False,nonpol,True
239,240,LEU,27,S1p,False,nonpol,True
240,241,LEU,27,S1p,True,pol,False
241,242,LEU,27,S1p,True,pol,False
242,243,LEU,27,S1p,False,nonpol,False
373,374,HSD,41,S2,True,pol,False
374,375,HSD,41,S2,True,pol,False
375,376,HSD,41,S2,False,pol,True
376,377,HSD,41,S2,False,pol,False
377,378,HSD,41,S2,False,pol,False
378,379,HSD,41,S2,False,pol,False
379,380,HSD,41,S2,False,pol,False
380,381,HSD,41,S2,False,pol,False
381,382,HSD,41,S2,True,pol,False
382,383,HSD,41,S2,True,pol,False
383,384,HSD,41,S2,False,pol,False
384,385,HSD,41,S2,False,pol,False
385,386,VAL,42,S1p,True,pol,False
386,387,VAL,42,S1p,True,pol,False
387,388,VAL,42,S1p,False,pol,True
388,389,VAL,42,S1p,False,pol,True
389,390,VAL,42,S1p,False,pol,True
390,391,VAL,42,S1p,True,pol,False
391,392,VAL,42,S1p,True,pol,False
392,393,VAL,42,S1p,False,pol,False
402,403,CYS,44,S2,True,pol,False
403,404,CYS,44,S2,True,pol,False
404,405,CYS,44,S2,False,pol,False
405,406,CYS,44,S2,False,pol,False
406,407,CYS,44,S2,True,pol,False
407,408,CYS,44,S2,True,pol,False
408,409,CYS,44,S2,False,pol,False
409,410,CYS,44,S2,False,pol,False
446,447,MET,49,S2,True,pol,False
447,448,MET,49,S2,True,pol,False
448,449,MET,49,S2,False,nonpol,True
449,450,MET,49,S2,False,nonpol,True
450,451,MET,49,S2,False,nonpol,True
451,452,MET,49,S2,False,nonpol,True
452,453,MET,49,S2,True,pol,False
453,454,MET,49,S2,True,pol,False
454,455,MET,49,S2,False,nonpol,True
475,476,PRO,52,S2,True,pol,False
476,477,PRO,52,S2,False,pol,False
477,478,PRO,52,S2,True,pol,False
478,479,PRO,52,S2,False,pol,True
479,480,PRO,52,S2,False,pol,True
480,481,PRO,52,S2,True,pol,False
481,482,PRO,52,S2,True,pol,False
493,494,TYR,54,S2,True,pol,False
494,495,TYR,54,S2,True,pol,False
495,496,TYR,54,S2,False,nonpol,True
496,497,TYR,54,S2,False,nonpol,True
497,498,TYR,54,S2,False,nonpol,True
498,499,TYR,54,S2,False,nonpol,True
499,500,TYR,54,S2,False,nonpol,False
500,501,TYR,54,S2,False,pol,False
501,502,TYR,54,S2,False,nonpol,True
502,503,TYR,54,S2,False,nonpol,True
503,504,TYR,54,S2,True,pol,False
504,505,TYR,54,S2,True,pol,False
505,506,TYR,54,S2,False,nonpol,False
506,507,TYR,54,S2,False,pol,False
1143,1144,ASN,119,S1p,True,pol,False
1144,1145,ASN,119,S1p,True,pol,False
1145,1146,ASN,119,S1p,False,pol,True
1146,1147,ASN,119,S1p,False,pol,False
1147,1148,ASN,119,S1p,False,pol,False
1148,1149,ASN,119,S1p,False,pol,False
1149,1150,ASN,119,S1p,True,pol,False
1150,1151,ASN,119,S1p,True,pol,False
1151,1152,ASN,119,S1p,False,pol,False
1152,1153,ASN,119,S1p,False,pol,False
1153,1154,ASN,119,S1p,False,pol,False
1335,1336,PHE,140,S1,True,pol,False
1336,1337,PHE,140,S1,True,pol,False
1337,1338,PHE,140,S1,False,nonpol,True
1338,1339,PHE,140,S1,False,nonpol,True
1339,1340,PHE,140,S1,False,nonpol,True
1340,1341,PHE,140,S1,False,nonpol,True
1341,1342,PHE,140,S1,False,nonpol,True
1342,1343,PHE,140,S1,False,nonpol,True
1343,1344,PHE,140,S1,False,nonpol,True
1344,1345,PHE,140,S1,True,pol,False
1345,1346,PHE,140,S1,True,pol,False
1346,1347,PHE,140,S1,False,nonpol,False
1347,1348,LEU,141,S1,True,pol,False
1348,1349,LEU,141,S1,True,pol,False
1349,1350,LEU,141,S1,False,nonpol,True
1350,1351,LEU,141,S1,False,nonpol,True
1351,1352,LEU,141,S1,False,nonpol,True
1352,1353,LEU,141,S1,False,nonpol,True
1353,1354,LEU,141,S1,True,pol,False
1354,1355,LEU,141,S1,True,pol,False
1355,1356,LEU,141,S1,False,nonpol,False
1356,1357,ASN,142,S1,True,pol,False
1357,1358,ASN,142,S1,True,pol,False
1358,1359,ASN,142,S1,False,pol,True
1359,1360,ASN,142,S1,False,pol,False
1360,1361,ASN,142,S1,False,pol,False
1361,1362,ASN,142,S1,False,pol,False
1362,1363,ASN,142,S1,True,pol,False
1363,1364,ASN,142,S1,True,pol,False
1364,1365,ASN,142,S1,False,pol,False
1365,1366,ASN,142,S1,False,pol,False
1366,1367,ASN,142,S1,False,pol,False
1367,1368,GLY,143,S1,True,pol,False
1368,1369,GLY,143,S1,True,pol,False
1369,1370,GLY,143,S1,True,pol,False
1370,1371,GLY,143,S1,True,pol,False
1371,1372,GLY,143,S1p,False,pol,False
1372,1373,SER,144,S1,True,pol,False
1373,1374,SER,144,S1,True,pol,False
1374,1375,SER,144,S1,False,pol,False
1375,1376,SER,144,S1,False,pol,False
1376,1377,SER,144,S1,True,pol,False
1377,1378,SER,144,S1,True,pol,False
1378,1379,SER,144,S1,False,pol,False
1379,1380,SER,144,S1,False,pol,False
1380,1381,CYS,145,S1,True,pol,False
1381,1382,CYS,145,S1,True,pol,False
1382,1383,CYS,145,S1,False,pol,False
1383,1384,CYS,145,S1,False,pol,False
1384,1385,CYS,145,S1,True,pol,False
1385,1386,CYS,145,S1,True,pol,False
1386,1387,CYS,145,S1,False,pol,False
1387,1388,CYS,145,S1,False,pol,False
1545,1546,HSE,163,S1,True,pol,False
1546,1547,HSE,163,S1,True,pol,False
1547,1548,HSE,163,S1,False,pol,True
1548,1549,HSE,163,S1,False,pol,False
1549,1550,HSE,163,S1,False,pol,False
1550,1551,HSE,163,S1,False,pol,False
1551,1552,HSE,163,S1,False,pol,False
1552,1553,HSE,163,S1,False,pol,False
1553,1554,HSE,163,S1,True,pol,False
1554,1555,HSE,163,S1,True,pol,False
1555,1556,HSE,163,S1,False,pol,False
1556,1557,HSE,163,S1,False,pol,False
1557,1558,HSE,164,S1,True,pol,False
1558,1559,HSE,164,S1,True,pol,False
1559,1560,HSE,164,S2,False,pol,True
1560,1561,HSE,164,S2,False,pol,False
1561,1562,HSE,164,S2,False,pol,False
1562,1563,HSE,164,S2,False,pol,False
1563,1564,HSE,164,S2,False,pol,False
1564,1565,HSE,164,S2,False,pol,False
1565,1566,HSE,164,S1,True,pol,False
1566,1567,HSE,164,S1,True,pol,False
1567,1568,HSE,164,S2,False,pol,False
1568,1569,HSE,164,S2,False,pol,False
1569,1570,MET,165,S1,True,pol,False
1570,1571,MET,165,S1,True,pol,False
1571,1572,MET,165,S3,False,nonpol,True
1572,1573,MET,165,S3,False,nonpol,True
1573,1574,MET,165,S3,False,nonpol,True
1574,1575,MET,165,S3,False,nonpol,True
1575,1576,MET,165,S1,True,pol,False
1576,1577,MET,165,S1,True,pol,False
1577,1578,MET,165,S3,False,nonpol,True
1578,1579,GLU,166,S3,True,pol,False
1579,1580,GLU,166,S3,True,pol,False
1580,1581,GLU,166,S1,False,pol,True
1581,1582,GLU,166,S1,False,pol,True
1582,1583,GLU,166,S1,False,pol,False
1583,1584,GLU,166,S1,False,pol,False
1584,1585,GLU,166,S1,False,pol,False
1585,1586,GLU,166,S3,True,pol,False
1586,1587,GLU,166,S3,True,pol,False
1587,1588,GLU,166,S1,False,pol,False
1588,1589,LEU,167,S3,True,pol,False
1589,1590,LEU,167,S3,True,pol,False
1590,1591,LEU,167,S3,False,nonpol,True
1591,1592,LEU,167,S3,False,nonpol,True
1592,1593,LEU,167,S3,False,nonpol,True
1593,1594,LEU,167,S3,False,nonpol,True
1594,1595,LEU,167,S3,True,pol,False
1595,1596,LEU,167,S3,True,pol,False
1596,1597,LEU,167,S3,False,nonpol,False
1597,1598,PRO,168,S3,True,pol,False
1598,1599,PRO,168,S3,False,pol,False
1599,1600,PRO,168,S3,True,pol,False
1600,1601,PRO,168,S3,False,pol,True
1601,1602,PRO,168,S3,False,pol,True
1602,1603,PRO,168,S3,True,pol,False
1603,1604,PRO,168,S3,True,pol,False
1626,1627,HSE,172,S1,True,pol,False
1627,1628,HSE,172,S1,True,pol,False
1628,1629,HSE,172,S1,False,pol,True
1629,1630,HSE,172,S1,False,pol,False
1630,1631,HSE,172,S1,False,pol,False
1631,1632,HSE,172,S1,False,pol,False
1632,1633,HSE,172,S1,False,pol,False
1633,1634,HSE,172,S1,False,pol,False
1634,1635,HSE,172,S1,True,pol,False
1635,1636,HSE,172,S1,True,pol,False
1636,1637,HSE,172,S1,False,pol,False
1637,1638,HSE,172,S1,False,pol,False
1740,1741,PHE,185,S4-S5,True,pol,False
1741,1742,PHE,185,S4-S5,True,pol,False
1742,1743,PHE,185,S4-S5,False,nonpol,True
1743,1744,PHE,185,S4-S5,False,nonpol,True
1744,1745,PHE,185,S4-S5,False,nonpol,True
1745,1746,PHE,185,S4-S5,False,nonpol,True
1746,1747,PHE,185,S4-S5,False,nonpol,True
1747,1748,PHE,185,S4-S5,False,nonpol,True
1748,1749,PHE,185,S4-S5,False,nonpol,True
1749,1750,PHE,185,S4-S5,True,pol,False
1750,1751,PHE,185,S4-S5,True,pol,False
1751,1752,PHE,185,S4-S5,False,nonpol,False
1760,1761,ASP,187,S2,True,pol,False
1761,1762,ASP,187,S2,True,pol,False
1762,1763,ASP,187,S2,False,pol,True
1763,1764,ASP,187,S2,False,pol,False
1764,1765,ASP,187,S2,False,pol,False
1765,1766,ASP,187,S2,False,pol,False
1766,1767,ASP,187,S2,True,pol,False
1767,1768,ASP,187,S2,True,pol,False
1768,1769,ASP,187,S2,False,pol,False
1769,1770,ARG,188,S4-S5,True,pol,False
1770,1771,ARG,188,S4-S5,True,pol,False
1771,1772,ARG,188,S2,False,pol,True
1772,1773,ARG,188,S2,False,pol,True
1773,1774,ARG,188,S2,False,pol,False
1774,1775,ARG,188,S2,False,pol,False
1775,1776,ARG,188,S2,False,pol,False
1776,1777,ARG,188,S2,False,pol,False
1777,1778,ARG,188,S2,False,pol,False
1778,1779,ARG,188,S4-S5,True,pol,False
1779,1780,ARG,188,S4-S5,True,pol,False
1780,1781,ARG,188,S2,False,pol,False
1781,1782,ARG,188,S2,False,pol,False
1782,1783,ARG,188,S2,False,pol,False
1783,1784,ARG,188,S2,False,pol,False
1784,1785,ARG,188,S2,False,pol,False
1785,1786,ARG,188,S2,False,pol,False
1786,1787,GLN,189,S4-S5,True,pol,False
1787,1788,GLN,189,S4-S5,True,pol,False
1788,1789,GLN,189,S3,False,pol,True
1789,1790,GLN,189,S3,False,pol,True
1790,1791,GLN,189,S3,False,pol,False
1791,1792,GLN,189,S3,False,pol,False
1792,1793,GLN,189,S3,False,pol,False
1793,1794,GLN,189,S4-S5,True,pol,False
1794,1795,GLN,189,S4-S5,True,pol,False
1795,1796,GLN,189,S3,False,pol,False
1796,1797,GLN,189,S3,False,pol,False
1797,1798,GLN,189,S3,False,pol,False
1798,1799,THR,190,S4-S5,True,pol,False
1799,1800,THR,190,S4-S5,True,pol,False
1800,1801,THR,190,S3,False,pol,False
1801,1802,THR,190,S3,False,pol,False
1802,1803,THR,190,S3,False,pol,True
1803,1804,THR,190,S4-S5,True,pol,False
1804,1805,THR,190,S4-S5,True,pol,False
1805,1806,THR,190,S3,False,pol,False
1806,1807,THR,190,S3,False,pol,False
1807,1808,ALA,191,S4-S5,True,pol,False
1808,1809,ALA,191,S4-S5,True,pol,False
1809,1810,ALA,191,S4-S5,False,pol,True
1810,1811,ALA,191,S4-S5,True,pol,False
1811,1812,ALA,191,S4-S5,True,pol,False
1812,1813,ALA,191,S4-S5,False,pol,False
1813,1814,GLN,192,S3,True,pol,False
1814,1815,GLN,192,S3,True,pol,False
1815,1816,GLN,192,S3,False,pol,True
1816,1817,GLN,192,S3,False,pol,True
1817,1818,GLN,192,S3,False,pol,False
1818,1819,GLN,192,S3,False,pol,False
1819,1820,GLN,192,S3,False,pol,False
1820,1821,GLN,192,S3,True,pol,False
1821,1822,GLN,192,S3,True,pol,False
1822,1823,GLN,192,S3,False,pol,False
1823,1824,GLN,192,S3,False,pol,False
1824,1825,GLN,192,S3,False,pol,False
2894,2895,SER,307,S1,True,pol,False
2895,2896,SER,307,S1,True,pol,False
2896,2897,SER,307,S1,False,pol,False
2897,2898,SER,307,S1,False,pol,False
2898,2899,SER,307,S1,True,pol,False
2899,2900,SER,307,S1,True,pol,False
2900,2901,SER,307,S1,False,pol,False
2901,2902,SER,307,S1,False,pol,False
2902,2903,SER,307,S1,False,pol,False
2903,2904,SER,307,S1,False,pol,False
